Job Title,Job Link,Job Description
"Artificial Intelligence Engineer
Artificial Intelligence Engineer",https://www.linkedin.com/jobs/view/4270713694/?eBP=NOT_ELIGIBLE_FOR_CHARGING&refId=sjUyRgO0LvvYsIozzCALuQ%3D%3D&trackingId=mVxt39plJ38zgQqy60y1Fw%3D%3D&trk=flagship3_search_srp_jobs,Description not available.
"Prompt Engineer – Architect the Intelligence Behind Our AI Agents
Prompt Engineer – Architect the Intelligence Behind Our AI Agents",https://www.linkedin.com/jobs/view/4270191588/?eBP=BUDGET_EXHAUSTED_JOB&refId=sjUyRgO0LvvYsIozzCALuQ%3D%3D&trackingId=AQkdHX5I3yEVDSqGDad%2B9A%3D%3D&trk=flagship3_search_srp_jobs,Description not available.
"AI Tutor
AI Tutor",https://www.linkedin.com/jobs/view/4261185332/?eBP=NOT_ELIGIBLE_FOR_CHARGING&refId=sjUyRgO0LvvYsIozzCALuQ%3D%3D&trackingId=C1X1wdE0onaX1zi8h%2BWAaw%3D%3D&trk=flagship3_search_srp_jobs,Description not available.
"AI Engineer - Africa
AI Engineer - Africa",https://www.linkedin.com/jobs/view/4275381313/?eBP=NOT_ELIGIBLE_FOR_CHARGING&refId=sjUyRgO0LvvYsIozzCALuQ%3D%3D&trackingId=6fbJDMQmzGEUWXTZmkh2sg%3D%3D&trk=flagship3_search_srp_jobs,Description not available.
"AI Content & Copywriting Internship
AI Content & Copywriting Internship",https://www.linkedin.com/jobs/view/4256723624/?eBP=NOT_ELIGIBLE_FOR_CHARGING&refId=sjUyRgO0LvvYsIozzCALuQ%3D%3D&trackingId=q%2BjHIRfHstLXsNLx%2F%2FW7sw%3D%3D&trk=flagship3_search_srp_jobs,Description not available.
"Data Scientist – AI Trainer
Data Scientist – AI Trainer",https://www.linkedin.com/jobs/view/4275767615/?eBP=NOT_ELIGIBLE_FOR_CHARGING&refId=sjUyRgO0LvvYsIozzCALuQ%3D%3D&trackingId=Cy83x8IDD1JfX1xxVjl3vw%3D%3D&trk=flagship3_search_srp_jobs,Description not available.
"AI Engineer
AI Engineer",https://www.linkedin.com/jobs/view/4275538606/?eBP=NOT_ELIGIBLE_FOR_CHARGING&refId=sjUyRgO0LvvYsIozzCALuQ%3D%3D&trackingId=6ZhaZ3fh5fyRlOLmrz4dxQ%3D%3D&trk=flagship3_search_srp_jobs,Description not available.
